{
  "n": 498,
  "accuracy": 0.5682730923694779,
  "macro_f1": 0.5418496120895502,
  "labels": [
    "negative",
    "neutral",
    "positive"
  ],
  "per_class": {
    "negative": {
      "precision": 0.516,
      "recall": 0.7771084337349398,
      "f1": 0.6201923076923077,
      "support": 166
    },
    "neutral": {
      "precision": 0.5694444444444444,
      "recall": 0.2469879518072289,
      "f1": 0.3445378151260504,
      "support": 166
    },
    "positive": {
      "precision": 0.6420454545454546,
      "recall": 0.6807228915662651,
      "f1": 0.6608187134502924,
      "support": 166
    }
  },
  "confusion_matrix": [
    [
      129,
      23,
      14
    ],
    [
      76,
      41,
      49
    ],
    [
      45,
      8,
      113
    ]
  ],
  "source": "McAuley-Lab/Amazon-Reviews-2023 / raw_review_Electronics",
  "seed": 42
}
